{
    "uvs":[[0.25,0.746589,0.5,0.746589,0.5,1,0.25,1,0.25,0.746589,0.25,1,0,1,0,0.746589,0.75,0,0.75,0.746589,0.5,0.746589,0.5,0,1,0,1,0.746589,0.75,0,0,0.746589,0,0,0.25,0,0.25,0.746589,0.5,0,0.5,0.746589,0.25,0.746589,0.25,0,0.219758,0,0.33487,0.5,0.052323,0.111111,0,0.763158,0.33487,0.5,0.052323,0.888889,0.33487,0.01462,0.66974,0.348346,0.66974,0.116115,0.83487,0,1,0.116115,1,0.348346,0.83487,0.464461,0.387193,0.888889,0.66974,0.5,0.554628,1,0.219758,1,0.33487,0.98538,0.387194,0.111111,0.66974,0.5,0.33487,0.236842,0.66974,0.98538,0.66974,0.01462,0.554628,0,0.33487,0.763158,0,0.236842,0.83487,0.964461,0.66974,0.848346,0.66974,0.616115,0.83487,0.5,1,0.616115,1,0.848346]],
    "metadata":{
        "uvs":1,
        "generator":"io_three",
        "faces":26,
        "vertices":22,
        "type":"Geometry",
        "version":3,
        "materials":2
    },
    "faces":[11,0,1,2,3,0,0,1,2,3,11,4,7,6,5,0,4,5,6,7,11,0,4,5,1,0,8,9,10,11,11,1,5,6,2,0,12,13,9,14,11,2,6,7,3,0,15,16,17,18,11,4,0,3,7,0,19,20,21,22,10,18,17,20,1,23,24,25,10,10,17,12,1,26,27,28,10,16,17,18,1,29,24,23,10,21,9,8,1,30,34,35,10,15,13,9,1,32,33,34,10,21,19,15,1,30,31,32,10,21,15,9,1,30,32,34,10,19,11,15,1,36,37,38,10,14,17,16,1,39,27,40,10,8,11,21,1,41,42,43,10,15,11,13,1,38,37,44,10,13,11,9,1,45,42,46,10,21,11,19,1,47,37,36,10,9,11,8,1,46,42,41,10,20,17,10,1,25,24,48,10,12,17,14,1,28,27,39,10,10,18,20,1,49,53,54,10,14,16,18,1,51,52,53,10,10,12,14,1,49,50,51,10,10,14,18,1,49,51,53],
    "name":"CubeGeometry.8",
    "vertices":[0.2,-0.014078,-0.2,0.2,-0.014078,0.2,-0.2,-0.014078,0.2,-0.2,-0.014078,-0.2,0.2,0.692999,-0.2,0.2,0.692999,0.2,-0.2,0.692999,0.2,-0.2,0.692999,-0.2,-0.486252,1.55451,-0.280738,-0.486252,1.55451,0.280738,-0,0.588058,-0.818536,0,2.38806,-0,0.708873,0.588058,-0.409268,-0,1.55451,0.561475,0.708873,0.588058,0.409268,0.486252,1.55451,0.280738,-0,0.588058,0.818536,0,1.78806,-0,-0.708873,0.588058,0.409268,0.486252,1.55451,-0.280738,-0.708873,0.588058,-0.409268,-0,1.55451,-0.561475],
    "materials":[{
        "opacity":1,
        "colorEmissive":[0,0,0],
        "depthWrite":true,
        "shading":"lambert",
        "depthTest":true,
        "visible":true,
        "blending":"NormalBlending",
        "DbgName":"Material.001",
        "wireframe":false,
        "colorDiffuse":[1,0.637597,0.391572],
        "transparent":false,
        "DbgColor":15597568,
        "DbgIndex":1
    },{
        "opacity":1,
        "colorEmissive":[0,0,0],
        "depthWrite":true,
        "shading":"lambert",
        "depthTest":true,
        "visible":true,
        "blending":"NormalBlending",
        "DbgName":"Material",
        "wireframe":false,
        "colorDiffuse":[0.238398,0.597202,0.270498],
        "transparent":false,
        "DbgColor":15658734,
        "DbgIndex":0
    }]
}