{
    "vertices":[1.82804,0,4.65385,4.25474,0,2.62626,-2.62626,0,4.25474,-5.18551,-0,-2.26065,-3.22419,-0,-4.10544,4.14472,-0,-4.19895,2.41265,-0,-4.41089,-0.767884,-0,-4.13661,1.88798,-0,-6.39492,-0.568329,-0,-6.36375,-1.88295,0,4.32134,1.08473,0,4.58725,-1.93382,0,5.87668,0.516508,0,6.09623,-4.15677,0.835719,4.77344,-6.88935,1.00375,-3.10767,-4.6697,1.00375,-5.19545,-1.88986,1.00375,-5.23072,-1.66402,1.00375,-7.75122,-3.31557,0.835719,4.84882,-3.37314,0.835719,6.60902,2.66672,-0.735538,5.43709,5.74402,-0.735538,2.8659,5.60451,-0.735538,-5.78914,3.40807,-0.735538,-6.0579,3.21044,-0.730083,-6.91563,1.72414,-0.735538,5.35263,1.5909,-0.657886,6.52015],
    "faces":[32,0,10,11,0,1,2,32,3,2,10,3,4,1,32,7,4,3,5,6,3,32,5,6,7,7,8,5,32,0,1,5,0,9,7,32,0,3,10,0,3,1,32,5,7,3,7,5,3,32,0,5,3,0,7,3,33,7,6,8,9,5,8,10,11,33,11,10,12,13,2,1,12,13,33,12,10,19,20,12,1,14,15,33,10,2,14,19,1,4,16,14,33,7,9,18,17,5,11,17,18,33,4,7,17,16,6,5,18,19,33,2,3,15,14,4,3,20,16,33,3,4,16,15,3,6,19,20,33,11,13,27,26,2,13,21,22,33,8,6,24,25,10,8,23,24,33,6,5,23,24,8,7,25,23,33,5,1,22,23,7,9,26,25,33,1,0,21,22,9,0,27,26,33,0,11,26,21,0,2,22,27],
    "name":"terrainGeometry.3",
    "normals":[0.063967,0.914487,0.399487,0.109012,0.990814,-0.079897,0.098148,0.985687,0.136937,0.305307,0.951048,0.047243,0.172613,0.895077,-0.411115,0.107944,0.98761,0.113773,0.086123,0.929289,0.359111,0.190527,0.971404,-0.141575,0.07178,0.993469,-0.088351,0.258797,0.953764,0.152654,0.223823,0.972991,-0.056032,0.386395,0.921659,0.034608,0.291299,0.956572,0.009522,0.277718,0.958678,0.061342,0.294839,0.817591,-0.494552,0.508347,0.860958,0.016602,0.404859,0.836268,-0.369701,0.634297,0.770959,0.056825,0.351482,0.84106,0.411145,0.237098,0.850765,0.468978,0.419263,0.896237,0.14481,0.571551,0.810755,0.126255,0.276833,0.83517,0.475204,0.274392,0.929838,-0.245125,0.453017,0.884243,-0.113437,0.235054,0.946287,-0.2219,0.415082,0.894498,0.165929,0.21662,0.816614,0.534928],
    "metadata":{
        "vertices":28,
        "type":"Geometry",
        "generator":"io_three",
        "version":3,
        "faces":22,
        "normals":28
    }
}